stop_order,stop_id,line_id
0,19650,19651_west
1,19651,19651_west
2,19652,19651_west
3,19653,19651_west
4,19654,19651_west
5,19655,19651_west
6,19656,19651_west
7,19657,19651_west
8,19658,19651_west
9,19659,19651_west
10,196510,19651_west
11,196511,19651_west
12,196512,19651_west
13,196513,19651_west
14,196514,19651_west
0,196515,19652_west
1,196516,19652_west
2,196517,19652_west
3,196518,19652_west
4,196519,19652_west
5,196520,19652_west
6,196521,19652_west
7,196522,19652_west
8,196523,19652_west
9,196524,19652_west
10,196525,19652_west
11,196526,19652_west
0,,19653_west
1,196527,19653_west
0,196528,19654_west
1,196529,19654_west
2,196530,19654_west
3,196531,19654_west
4,196532,19654_west
5,196533,19654_west
6,196534,19654_west
7,196535,19654_west
8,196536,19654_west
9,196537,19654_west
10,196538,19654_west
11,196539,19654_west
12,196540,19654_west
0,,19655_west
1,,19655_west
2,,19655_west
3,,19655_west
4,,19655_west
5,,19655_west
6,,19655_west
7,,19655_west
8,,19655_west
9,,19655_west
10,196541,19655_west
11,,19655_west
12,196541,19655_west
13,196542,19655_west
0,196543,19656_west
1,196544,19656_west
2,196545,19656_west
3,,19656_west
4,,19656_west
5,196546,19656_west
6,196547,19656_west
7,196548,19656_west
8,196549,19656_west
9,196550,19656_west
10,196551,19656_west
11,,19656_west
12,196552,19656_west
13,196553,19656_west
0,196554,19657_west
1,196555,19657_west
2,196556,19657_west
3,196557,19657_west
4,196558,19657_west
5,196559,19657_west
6,196560,19657_west
7,196561,19657_west
8,196562,19657_west
9,196563,19657_west
10,196564,19657_west
11,196565,19657_west
12,196566,19657_west
13,,19657_west
14,,19657_west
15,,19657_west
0,,19658_west
1,,19658_west
2,,19658_west
3,,19658_west
4,,19658_west
5,,19658_west
6,,19658_west
7,,19658_west
8,,19658_west
9,,19658_west
10,,19658_west
11,,19658_west
12,,19658_west
13,,19658_west
14,196567,19658_west
15,196568,19658_west
0,196569,19659_west
1,196570,19659_west
2,196571,19659_west
3,196572,19659_west
4,196573,19659_west
5,196574,19659_west
6,196575,19659_west
7,196576,19659_west
8,196577,19659_west
9,196578,19659_west
10,196579,19659_west
11,196580,19659_west
12,196581,19659_west
13,196582,19659_west
0,196583,196510_west
1,196584,196510_west
2,196585,196510_west
3,196586,196510_west
4,196587,196510_west
5,196588,196510_west
6,196589,196510_west
7,196590,196510_west
8,196591,196510_west
9,196592,196510_west
10,196593,196510_west
11,196594,196510_west
12,196595,196510_west
13,196596,196510_west
14,196597,196510_west
15,196598,196510_west
16,196599,196510_west
17,1965100,196510_west
18,1965101,196510_west
19,1965102,196510_west
0,1965103,196511_west
1,1965104,196511_west
2,1965105,196511_west
3,1965106,196511_west
4,1965107,196511_west
5,1965108,196511_west
6,1965109,196511_west
7,1965110,196511_west
8,1965111,196511_west
9,1965112,196511_west
10,1965113,196511_west
11,1965114,196511_west
12,1965115,196511_west
13,1965116,196511_west
0,,196512_west
1,1965117,196512_west
2,1965118,196512_west
3,,196512_west
4,1965119,196512_west
5,1965120,196512_west
6,1965121,196512_west
7,1965122,196512_west
8,1965123,196512_west
9,1965124,196512_west
10,1965125,196512_west
11,1965126,196512_west
12,1965127,196512_west
13,1965128,196512_west
14,1965129,196512_west
15,1965130,196512_west
0,1965131,196513_west
1,1965132,196513_west
2,1965133,196513_west
3,1965134,196513_west
4,1965135,196513_west
5,,196513_west
6,1965136,196513_west
7,1965137,196513_west
8,1965138,196513_west
9,1965139,196513_west
10,1965140,196513_west
11,1965141,196513_west
12,1965142,196513_west
13,1965143,196513_west
14,1965144,196513_west
15,1965145,196513_west
16,1965146,196513_west
17,1965147,196513_west
18,1965148,196513_west
0,1965149,196514_west
1,1965150,196514_west
2,1965151,196514_west
3,1965152,196514_west
4,1965153,196514_west
5,1965154,196514_west
6,1965155,196514_west
7,1965156,196514_west
8,1965157,196514_west
9,1965158,196514_west
0,1965159,196515_west
1,1965160,196515_west
2,1965161,196515_west
3,,196515_west
4,1965162,196515_west
5,1965163,196515_west
6,1965164,196515_west
7,1965165,196515_west
0,1965166,196516_west
1,1965167,196516_west
2,1965168,196516_west
3,1965169,196516_west
4,1965170,196516_west
5,1965171,196516_west
6,1965172,196516_west
7,1965173,196516_west
8,,196516_west
9,1965174,196516_west
10,1965175,196516_west
11,1965176,196516_west
12,1965177,196516_west
13,1965178,196516_west
14,1965179,196516_west
15,1965180,196516_west
16,1965181,196516_west
17,1965182,196516_west
18,1965183,196516_west
19,1965184,196516_west
0,1965185,196517_west
1,,196517_west
2,1965186,196517_west
3,1965187,196517_west
4,1965188,196517_west
5,1965189,196517_west
6,1965190,196517_west
7,1965191,196517_west
8,1965192,196517_west
9,1965193,196517_west
10,1965194,196517_west
11,1965195,196517_west
12,1965196,196517_west
13,1965197,196517_west
14,1965198,196517_west
15,1965199,196517_west
0,1965200,196518_west
1,1965201,196518_west
2,1965202,196518_west
3,1965203,196518_west
4,1965204,196518_west
5,1965205,196518_west
6,1965206,196518_west
7,1965207,196518_west
8,1965208,196518_west
9,1965209,196518_west
10,1965210,196518_west
11,1965211,196518_west
12,1965212,196518_west
13,1965213,196518_west
14,1965214,196518_west
15,1965215,196518_west
0,1965216,196519_west
1,1965217,196519_west
2,1965218,196519_west
3,1965219,196519_west
4,1965220,196519_west
5,1965221,196519_west
6,1965222,196519_west
7,1965223,196519_west
8,1965224,196519_west
9,1965225,196519_west
10,1965226,196519_west
11,,196519_west
12,1965227,196519_west
13,1965228,196519_west
14,1965229,196519_west
15,1965230,196519_west
0,,196520_west
1,1965231,196520_west
2,1965232,196520_west
3,1965233,196520_west
4,1965234,196520_west
5,,196520_west
6,1965235,196520_west
7,1965236,196520_west
8,,196520_west
9,1965237,196520_west
10,1965238,196520_west
11,1965239,196520_west
12,1965240,196520_west
13,1965241,196520_west
14,1965242,196520_west
15,1965243,196520_west
16,1965244,196520_west
0,1965245,196521_west
1,1965246,196521_west
2,1965247,196521_west
3,1965248,196521_west
4,1965249,196521_west
5,1965250,196521_west
6,1965251,196521_west
7,,196521_west
8,1965252,196521_west
9,1965253,196521_west
10,1965254,196521_west
11,1965255,196521_west
12,1965256,196521_west
13,1965257,196521_west
14,1965258,196521_west
0,1965259,196522_west
1,1965260,196522_west
2,,196522_west
3,1965261,196522_west
4,1965262,196522_west
5,1965263,196522_west
6,1965264,196522_west
7,1965265,196522_west
8,1965266,196522_west
9,1965267,196522_west
10,,196522_west
11,,196522_west
12,,196522_west
13,1965268,196522_west
14,,196522_west
15,1965269,196522_west
0,1965270,196523_west
1,1965271,196523_west
2,1965272,196523_west
3,1965273,196523_west
4,1965274,196523_west
5,,196523_west
6,1965275,196523_west
7,1965276,196523_west
8,1965277,196523_west
9,,196523_west
10,1965278,196523_west
11,1965279,196523_west
12,,196523_west
13,1965280,196523_west
14,1965281,196523_west
0,,196524_west
1,,196524_west
2,1965282,196524_west
3,1965283,196524_west
4,,196524_west
5,1965284,196524_west
6,1965285,196524_west
7,1965286,196524_west
8,1965287,196524_west
9,1965288,196524_west
10,1965289,196524_west
11,1965290,196524_west
12,1965291,196524_west
13,,196524_west
14,1965292,196524_west
15,1965293,196524_west
0,,196525_west
1,,196525_west
2,1965294,196525_west
3,,196525_west
4,1965295,196525_west
5,1965296,196525_west
6,1965297,196525_west
7,1965298,196525_west
8,1965299,196525_west
9,,196525_west
10,1965300,196525_west
11,1965301,196525_west
12,1965302,196525_west
13,1965303,196525_west
14,1965304,196525_west
0,1965305,196526_west
1,1965306,196526_west
2,1965307,196526_west
3,1965308,196526_west
4,1965311,196526_west
5,1965309,196526_west
6,,196526_west
7,1965310,196526_west
8,1965311,196526_west
9,1965312,196526_west
10,1965313,196526_west
11,1965314,196526_west
12,1965315,196526_west
13,1965316,196526_west
14,1965317,196526_west
0,1965318,196527_west
1,1965319,196527_west
2,1965320,196527_west
3,,196527_west
4,1965321,196527_west
5,1965322,196527_west
6,1965323,196527_west
7,1965324,196527_west
8,1965325,196527_west
9,1965326,196527_west
10,1965327,196527_west
11,1965328,196527_west
12,,196527_west
13,,196527_west
14,1965329,196527_west
15,,196527_west
0,1965330,196528_west
1,1965331,196528_west
2,1965332,196528_west
3,1965333,196528_west
4,1965334,196528_west
5,1965335,196528_west
6,1965336,196528_west
7,,196528_west
8,1965337,196528_west
9,1965338,196528_west
10,1965339,196528_west
11,1965340,196528_west
12,1965341,196528_west
13,1965342,196528_west
14,,196528_west
15,,196528_west
0,1965343,196529_west
1,1965344,196529_west
2,,196529_west
3,1965345,196529_west
4,1965346,196529_west
5,1965347,196529_west
6,1965348,196529_west
7,1965349,196529_west
8,,196529_west
9,,196529_west
10,1965350,196529_west
11,1965351,196529_west
12,1965352,196529_west
13,1965353,196529_west
14,1965354,196529_west
15,1965355,196529_west
16,1965356,196529_west
17,1965357,196529_west
0,1965358,196530_west
1,,196530_west
2,1965359,196530_west
3,1965360,196530_west
4,1965361,196530_west
5,1965362,196530_west
6,1965363,196530_west
7,1965364,196530_west
8,1965365,196530_west
9,1965366,196530_west
10,1965367,196530_west
11,1965368,196530_west
12,1965369,196530_west
13,1965370,196530_west
14,1965371,196530_west
0,,196531_west
1,1965372,196531_west
2,1965373,196531_west
3,1965374,196531_west
4,,196531_west
5,,196531_west
6,1965375,196531_west
7,,196531_west
8,,196531_west
9,1965376,196531_west
10,1965377,196531_west
11,,196531_west
12,,196531_west
13,,196531_west
14,1965378,196531_west
15,1965379,196531_west
16,1965380,196531_west
17,1965381,196531_west
18,1965382,196531_west
19,1965383,196531_west
20,1965384,196531_west
0,,196532_west
1,,196532_west
2,,196532_west
3,,196532_west
4,,196532_west
5,,196532_west
6,1965385,196532_west
7,1965386,196532_west
8,1965387,196532_west
9,1965388,196532_west
0,,196533_west
1,1965389,196533_west
2,1965390,196533_west
3,1965391,196533_west
4,1965392,196533_west
5,1965393,196533_west
6,1965394,196533_west
7,,196533_west
8,1965395,196533_west
9,,196533_west
10,1965396,196533_west
11,1965397,196533_west
12,1965398,196533_west
13,1965399,196533_west
14,1965400,196533_west
0,1965401,196534_west
1,1965402,196534_west
2,1965403,196534_west
3,1965404,196534_west
4,1965405,196534_west
5,1965406,196534_west
6,1965407,196534_west
7,1965408,196534_west
0,1965409,196535_west
1,1965410,196535_west
2,1965411,196535_west
3,1965412,196535_west
4,,196535_west
5,1965413,196535_west
6,1965414,196535_west
7,1965415,196535_west
8,1965416,196535_west
9,1965417,196535_west
10,1965418,196535_west
11,1965419,196535_west
12,1965420,196535_west
13,1965421,196535_west
14,1965422,196535_west
15,1965423,196535_west
16,1965424,196535_west
0,1965425,196536_west
1,1965426,196536_west
2,1965427,196536_west
0,,196537_west
1,,196537_west
2,,196537_west
3,,196537_west
4,,196537_west
5,,196537_west
6,,196537_west
7,,196537_west
8,,196537_west
9,,196537_west
10,,196537_west
11,,196537_west
12,,196537_west
13,,196537_west
14,,196537_west
15,1965428,196537_west
16,1965429,196537_west
0,1965430,196538_west
1,1965431,196538_west
2,1965432,196538_west
3,1965433,196538_west
4,1965434,196538_west
5,1965435,196538_west
0,1965436,196539_west
1,1965437,196539_west
2,1965438,196539_west
3,1965439,196539_west
4,1965440,196539_west
5,1965441,196539_west
6,,196539_west
7,1965442,196539_west
8,,196539_west
9,1965443,196539_west
10,,196539_west
11,1965444,196539_west
12,1965445,196539_west
13,1965446,196539_west
0,1965447,196540_west
1,1965448,196540_west
2,1965449,196540_west
3,1965450,196540_west
4,1965451,196540_west
5,1965452,196540_west
0,,196541_west
1,,196541_west
2,1965453,196541_west
3,1965454,196541_west
0,1965455,196542_west
1,1965456,196542_west
2,1965457,196542_west
3,1965458,196542_west
4,1965459,196542_west
5,1965460,196542_west
6,1965461,196542_west
7,1965462,196542_west
8,1965463,196542_west
9,1965464,196542_west
10,1965465,196542_west
11,1965466,196542_west
12,1965467,196542_west
13,1965468,196542_west
14,1965469,196542_west
15,1965470,196542_west
0,1965471,196543_west
1,1965472,196543_west
2,1965473,196543_west
3,1965474,196543_west
4,,196543_west
5,,196543_west
6,,196543_west
7,1965475,196543_west
8,1965476,196543_west
9,1965477,196543_west
10,1965478,196543_west
11,1965479,196543_west
12,,196543_west
13,1965480,196543_west
14,1965481,196543_west
15,,196543_west
0,1965482,196544_west
1,1965483,196544_west
2,1965484,196544_west
3,1965485,196544_west
4,1965486,196544_west
5,1965487,196544_west
6,1965488,196544_west
7,1965489,196544_west
8,1965490,196544_west
9,1965491,196544_west
10,1965492,196544_west
11,1965493,196544_west
12,,196544_west
13,,196544_west
14,,196544_west
0,1965494,196545_west
1,1965495,196545_west
2,1965496,196545_west
3,1965500,196545_west
4,1965497,196545_west
5,1965498,196545_west
6,1965499,196545_west
7,,196545_west
8,1965500,196545_west
9,1965501,196545_west
10,1965502,196545_west
11,,196545_west
12,,196545_west
13,1965503,196545_west
14,1965504,196545_west
15,1965505,196545_west
0,1965506,196546_west
1,,196546_west
2,1965507,196546_west
3,1965508,196546_west
4,,196546_west
5,1965509,196546_west
6,,196546_west
7,1965510,196546_west
8,,196546_west
9,1965511,196546_west
10,1965512,196546_west
11,,196546_west
12,,196546_west
13,1965513,196546_west
14,,196546_west
0,1965514,196547_west
1,19651965872,196547_west
2,1965515,196547_west
3,1965516,196547_west
4,1965517,196547_west
5,,196547_west
6,1965518,196547_west
7,1965519,196547_west
0,1965520,196548_west
1,1965521,196548_west
2,,196548_west
3,,196548_west
4,1965522,196548_west
5,,196548_west
6,1965523,196548_west
7,1965524,196548_west
8,1965525,196548_west
9,1965526,196548_west
10,,196548_west
11,1965527,196548_west
12,1965528,196548_west
13,1965529,196548_west
14,1965530,196548_west
0,1965531,196549_west
1,1965532,196549_west
2,1965533,196549_west
3,1965534,196549_west
4,1965535,196549_west
5,,196549_west
6,1965536,196549_west
7,1965537,196549_west
8,1965538,196549_west
9,,196549_west
10,,196549_west
11,1965539,196549_west
12,1965540,196549_west
13,1965541,196549_west
14,1965542,196549_west
15,1965543,196549_west
16,1965544,196549_west
17,1965545,196549_west
18,1965546,196549_west
0,1965547,196550_west
1,1965548,196550_west
2,1965549,196550_west
3,,196550_west
4,1965550,196550_west
5,1965551,196550_west
6,,196550_west
0,1965552,196551_west
1,1965553,196551_west
2,,196551_west
3,1965554,196551_west
4,1965555,196551_west
5,1965556,196551_west
6,1965557,196551_west
7,1965558,196551_west
8,1965559,196551_west
9,1965560,196551_west
10,1965561,196551_west
11,1965562,196551_west
12,1965563,196551_west
13,1965564,196551_west
14,1965565,196551_west
15,1965566,196551_west
0,,196552_west
1,1965567,196552_west
2,1965568,196552_west
3,1965569,196552_west
4,,196552_west
5,1965570,196552_west
6,,196552_west
7,1965571,196552_west
8,1965572,196552_west
9,1965573,196552_west
10,1965574,196552_west
11,,196552_west
12,1965575,196552_west
13,1965576,196552_west
14,1965577,196552_west
15,1965578,196552_west
0,1965579,196553_west
1,1965580,196553_west
2,,196553_west
3,,196553_west
4,,196553_west
5,,196553_west
6,1965581,196553_west
7,,196553_west
8,,196553_west
9,1965582,196553_west
10,1965583,196553_west
11,,196553_west
12,1965584,196553_west
13,,196553_west
14,1965585,196553_west
15,1965586,196553_west
16,1965587,196553_west
0,1965588,196554_west
1,1965589,196554_west
2,1965590,196554_west
3,1965591,196554_west
4,1965592,196554_west
5,1965593,196554_west
6,1965594,196554_west
7,1965595,196554_west
8,1965596,196554_west
9,1965597,196554_west
10,1965598,196554_west
11,,196554_west
12,1965599,196554_west
13,,196554_west
14,1965600,196554_west
15,1965601,196554_west
0,1965602,196555_west
1,1965603,196555_west
2,1965604,196555_west
3,1965605,196555_west
4,1965606,196555_west
5,1965607,196555_west
6,1965608,196555_west
7,1965609,196555_west
8,,196555_west
9,,196555_west
10,,196555_west
11,1965610,196555_west
12,1965611,196555_west
13,,196555_west
14,,196555_west
15,,196555_west
0,1965612,196556_west
1,1965613,196556_west
2,,196556_west
3,1965614,196556_west
4,1965615,196556_west
5,1965616,196556_west
6,,196556_west
7,1965617,196556_west
8,1965623,196556_west
9,,196556_west
10,1965618,196556_west
11,,196556_west
12,1965619,196556_west
13,1965620,196556_west
14,1965621,196556_west
15,,196556_west
16,1965622,196556_west
17,1965623,196556_west
18,1965624,196556_west
0,,196557_west
1,1965625,196557_west
2,,196557_west
3,1965626,196557_west
4,1965627,196557_west
5,,196557_west
6,,196557_west
7,1965628,196557_west
8,1965629,196557_west
9,1965630,196557_west
10,,196557_west
11,1965631,196557_west
12,1965632,196557_west
13,1965633,196557_west
14,1965634,196557_west
15,1965635,196557_west
0,1965636,196558_west
1,1965637,196558_west
2,1965638,196558_west
3,1965639,196558_west
4,1965640,196558_west
5,1965641,196558_west
6,,196558_west
7,1965642,196558_west
8,1965643,196558_west
9,1965644,196558_west
10,1965645,196558_west
11,,196558_west
12,,196558_west
13,,196558_west
14,1965646,196558_west
15,1965647,196558_west
0,1965648,196559_west
1,1965649,196559_west
2,1965650,196559_west
3,,196559_west
4,,196559_west
5,1965651,196559_west
6,,196559_west
7,,196559_west
8,1965652,196559_west
9,,196559_west
10,,196559_west
11,1965653,196559_west
12,,196559_west
13,1965654,196559_west
14,1965655,196559_west
15,,196559_west
0,1965656,196560_west
1,1965657,196560_west
2,1965658,196560_west
3,1965659,196560_west
4,1965660,196560_west
5,1965661,196560_west
6,,196560_west
7,1965662,196560_west
8,,196560_west
9,,196560_west
10,1965663,196560_west
11,1965664,196560_west
12,1965665,196560_west
0,1965666,196561_west
1,1965667,196561_west
2,1965668,196561_west
3,1965669,196561_west
4,,196561_west
5,1965670,196561_west
6,1965677,196561_west
7,1965671,196561_west
8,,196561_west
9,,196561_west
10,,196561_west
11,1965672,196561_west
12,,196561_west
13,,196561_west
0,1965673,196562_west
1,1965674,196562_west
2,1965675,196562_west
3,1965676,196562_west
4,,196562_west
5,,196562_west
6,,196562_west
7,,196562_west
8,,196562_west
9,,196562_west
10,,196562_west
11,,196562_west
0,1965677,196563_west
1,,196563_west
2,,196563_west
3,,196563_west
4,1965678,196563_west
5,1965679,196563_west
6,1965680,196563_west
7,1965681,196563_west
0,1965682,196564_west
1,,196564_west
2,1965683,196564_west
3,1965684,196564_west
4,,196564_west
5,1965685,196564_west
0,,196565_west
1,1965686,196565_west
2,,196565_west
3,,196565_west
4,1965694,196565_west
5,1965687,196565_west
6,,196565_west
7,1965688,196565_west
8,1965697,196565_west
9,,196565_west
10,1965689,196565_west
11,,196565_west
12,1965690,196565_west
13,1965691,196565_west
0,1965692,196566_west
1,,196566_west
2,1965693,196566_west
3,1965694,196566_west
4,1965695,196566_west
5,1965696,196566_west
6,1965697,196566_west
7,,196566_west
8,1965698,196566_west
9,,196566_west
10,,196566_west
11,,196566_west
12,1965699,196566_west
13,,196566_west
14,1965700,196566_west
15,1965701,196566_west
16,1965702,196566_west
17,1965703,196566_west
18,,196566_west
19,,196566_west
20,1965704,196566_west
21,1965705,196566_west
22,1965706,196566_west
0,1965707,196567_west
1,1965708,196567_west
2,1965718,196567_west
3,1965709,196567_west
4,1965710,196567_west
5,1965711,196567_west
6,1965712,196567_west
7,1965713,196567_west
8,,196567_west
9,1965714,196567_west
10,1965715,196567_west
11,,196567_west
12,,196567_west
13,,196567_west
14,,196567_west
15,,196567_west
16,1965716,196567_west
0,,196568_west
1,,196568_west
2,1965717,196568_west
3,,196568_west
4,1965718,196568_west
5,,196568_west
6,1965719,196568_west
7,,196568_west
8,,196568_west
9,,196568_west
10,1965720,196568_west
11,,196568_west
12,,196568_west
13,,196568_west
14,1965721,196568_west
15,1965722,196568_west
16,1965723,196568_west
17,1965724,196568_west
18,1965725,196568_west
19,1965726,196568_west
20,1965727,196568_west
0,1965728,196569_west
1,1965729,196569_west
2,1965730,196569_west
3,1965731,196569_west
4,1965732,196569_west
5,,196569_west
6,1965733,196569_west
7,,196569_west
8,1965734,196569_west
9,1965735,196569_west
10,1965736,196569_west
11,,196569_west
12,,196569_west
13,1965737,196569_west
14,,196569_west
15,,196569_west
16,,196569_west
17,,196569_west
18,1965738,196569_west
19,,196569_west
20,,196569_west
21,1965739,196569_west
22,1965740,196569_west
23,1965741,196569_west
0,,196570_west
1,1965742,196570_west
2,1965743,196570_west
3,1965744,196570_west
4,1965745,196570_west
5,1965746,196570_west
0,,196571_west
1,1965747,196571_west
2,1965748,196571_west
3,1965749,196571_west
4,1965750,196571_west
0,1965751,196572_west
1,1965752,196572_west
2,1965753,196572_west
3,1965754,196572_west
4,1965755,196572_west
5,,196572_west
6,1965756,196572_west
7,1965757,196572_west
8,1965758,196572_west
9,1965759,196572_west
10,1965760,196572_west
11,1965761,196572_west
12,,196572_west
13,,196572_west
14,1965762,196572_west
15,,196572_west
16,,196572_west
17,,196572_west
18,,196572_west
19,1965763,196572_west
20,1965764,196572_west
21,1965777,196572_west
22,,196572_west
23,1965778,196572_west
24,1965765,196572_west
25,1965766,196572_west
26,1965767,196572_west
27,,196572_west
28,1965768,196572_west
29,1965769,196572_west
30,1965770,196572_west
0,,196573_west
1,1965785,196573_west
2,,196573_west
3,1965771,196573_west
4,1965772,196573_west
5,1965773,196573_west
6,,196573_west
7,1965789,196573_west
8,1965774,196573_west
9,1965775,196573_west
10,,196573_west
11,1965776,196573_west
12,1965777,196573_west
13,,196573_west
0,1965778,196574_west
1,1965779,196574_west
2,1965780,196574_west
3,1965781,196574_west
4,1965782,196574_west
5,1965783,196574_west
6,1965784,196574_west
7,1965785,196574_west
8,1965786,196574_west
9,1965787,196574_west
10,1965788,196574_west
11,1965789,196574_west
12,1965790,196574_west
13,1965791,196574_west
0,,196575_west
1,,196575_west
2,1965792,196575_west
3,1965793,196575_west
4,,196575_west
5,1965794,196575_west
6,1965795,196575_west
7,1965796,196575_west
0,1965797,196576_west
1,1965798,196576_west
2,1965799,196576_west
3,1965800,196576_west
4,1965801,196576_west
5,1965802,196576_west
6,1965803,196576_west
7,1965804,196576_west
8,1965805,196576_west
9,1965806,196576_west
0,,196577_west
1,,196577_west
2,1965807,196577_west
3,,196577_west
4,1965808,196577_west
5,1965809,196577_west
6,,196577_west
7,,196577_west
8,1965810,196577_west
9,,196577_west
10,,196577_west
11,1965811,196577_west
0,1965812,196578_west
1,,196578_west
2,,196578_west
3,1965813,196578_west
4,,196578_west
5,,196578_west
6,1965814,196578_west
7,,196578_west
8,,196578_west
9,,196578_west
10,1965815,196578_west
11,1965816,196578_west
12,1965817,196578_west
13,1965818,196578_west
14,1965819,196578_west
15,1965820,196578_west
16,,196578_west
17,,196578_west
18,1965821,196578_west
0,,196579_west
1,,196579_west
2,,196579_west
3,,196579_west
4,,196579_west
5,1965822,196579_west
6,1965823,196579_west
7,1965824,196579_west
8,,196579_west
9,1965825,196579_west
10,,196579_west
11,,196579_west
12,1965826,196579_west
13,1965827,196579_west
14,1965828,196579_west
0,,196580_west
1,1965829,196580_west
2,1965830,196580_west
3,1965831,196580_west
4,1965832,196580_west
5,,196580_west
6,,196580_west
7,,196580_west
8,,196580_west
9,,196580_west
10,1965833,196580_west
11,,196580_west
12,1965834,196580_west
13,1965835,196580_west
14,1965836,196580_west
15,1965837,196580_west
16,1965838,196580_west
17,1965839,196580_west
18,1965840,196580_west
19,,196580_west
0,,196581_west
1,,196581_west
2,,196581_west
3,,196581_west
4,,196581_west
5,1965841,196581_west
6,,196581_west
7,,196581_west
8,1965842,196581_west
9,1965843,196581_west
10,,196581_west
11,,196581_west
12,1965844,196581_west
13,1965845,196581_west
14,,196581_west
0,,196582_west
1,1965846,196582_west
2,1965847,196582_west
3,1965848,196582_west
4,,196582_west
5,1965849,196582_west
6,1965850,196582_west
7,1965851,196582_west
8,,196582_west
9,1965852,196582_west
10,19651965873,196582_west
11,,196582_west
0,1965853,196583_west
1,1965854,196583_west
0,1965855,196584_west
1,1965856,196584_west
2,1965857,196584_west
3,1965858,196584_west
4,1965859,196584_west
5,1965860,196584_west
6,1965861,196584_west
7,1965862,196584_west
8,1965863,196584_west
9,1965864,196584_west
10,1965865,196584_west
11,1965866,196584_west
12,1965867,196584_west
13,1965868,196584_west
14,1965869,196584_west
15,1965870,196584_west
16,1965871,196584_west
17,1965872,196584_west
18,1965873,196584_west
0,,196585_west
1,,196585_west
2,,196585_west
3,,196585_west
4,,196585_west
5,1965874,196585_west
6,1965875,196585_west
7,1965876,196585_west
8,1965877,196585_west
0,,196586_west
1,1965878,196586_west
2,1965879,196586_west
3,1965880,196586_west
0,1965881,196587_west
1,1965882,196587_west
2,1965883,196587_west
3,1965884,196587_west
4,1965885,196587_west
5,1965886,196587_west
6,1965887,196587_west
7,1965888,196587_west
8,,196587_west
9,1965889,196587_west
10,1965890,196587_west
11,1965891,196587_west
12,1965892,196587_west
13,,196587_west
14,1965893,196587_west
15,1965894,196587_west
16,1965895,196587_west
17,1965896,196587_west
18,1965897,196587_west
0,,196588_west
1,,196588_west
2,,196588_west
3,,196588_west
4,,196588_west
5,,196588_west
6,,196588_west
7,1965898,196588_west
8,1965899,196588_west
9,1965900,196588_west
10,1965901,196588_west
0,1965902,196589_west
1,1965903,196589_west
2,1965904,196589_west
3,1965905,196589_west
4,1965906,196589_west
5,,196589_west
6,,196589_west
7,,196589_west
8,,196589_west
9,,196589_west
10,,196589_west
11,1965907,196589_west
12,,196589_west
13,1965908,196589_west
14,1965909,196589_west
15,1965910,196589_west
16,1965911,196589_west
17,1965912,196589_west
18,1965913,196589_west
19,1965914,196589_west
20,1965915,196589_west
21,1965916,196589_west
22,1965917,196589_west
23,1965918,196589_west
0,,196590_west
1,1965919,196590_west
0,,196591_west
1,1965920,196591_west
2,1965921,196591_west
3,1965922,196591_west
4,1965923,196591_west
5,1965924,196591_west
6,1965925,196591_west
7,,196591_west
8,1965926,196591_west
9,1965927,196591_west
10,1965928,196591_west
11,1965929,196591_west
12,,196591_west
13,,196591_west
0,,196592_west
1,,196592_west
2,,196592_west
3,,196592_west
4,,196592_west
5,,196592_west
6,,196592_west
7,,196592_west
8,1965930,196592_west
9,,196592_west
10,,196592_west
0,,196593_west
1,,196593_west
2,,196593_west
3,,196593_west
4,,196593_west
5,,196593_west
6,,196593_west
7,,196593_west
8,,196593_west
9,,196593_west
10,,196593_west
11,,196593_west
12,1965931,196593_west
0,1965932,196594_west
1,1965933,196594_west
2,1965934,196594_west
3,1965935,196594_west
4,1965936,196594_west
5,1965937,196594_west
6,1965938,196594_west
7,1965939,196594_west
8,1965940,196594_west
9,1965941,196594_west
10,1965942,196594_west
11,1965943,196594_west
12,1965944,196594_west
13,1965945,196594_west
14,1965946,196594_west
15,1965947,196594_west
0,,196595_west
1,,196595_west
2,,196595_west
3,,196595_west
4,,196595_west
5,1965948,196595_west
6,,196595_west
7,,196595_west
8,,196595_west
9,,196595_west
10,1965949,196595_west
11,1965950,196595_west
12,1965951,196595_west
13,1965952,196595_west
14,1965953,196595_west
15,1965954,196595_west
16,1965955,196595_west
17,1965956,196595_west
18,1965957,196595_west
19,1965958,196595_west
20,1965959,196595_west
21,1965960,196595_west
22,1965961,196595_west
0,,196596_west
1,1965962,196596_west
0,,196597_west
1,1965963,196597_west
2,1965964,196597_west
0,,196598_west
1,1965965,196598_west
2,1965966,196598_west
0,1965967,196599_west
1,1965968,196599_west
2,1965969,196599_west
3,1965970,196599_west
4,1965971,196599_west
5,1965972,196599_west
6,1965973,196599_west
7,1965974,196599_west
8,1965975,196599_west
9,1965976,196599_west
10,1965977,196599_west
11,1965978,196599_west
12,1965979,196599_west
13,1965980,196599_west
14,,196599_west
15,1965981,196599_west
16,1965982,196599_west
17,1965983,196599_west
18,1965984,196599_west
19,1965985,196599_west
20,1965986,196599_west
21,1965987,196599_west
22,1965988,196599_west
23,1965989,196599_west
24,1965990,196599_west
25,1965991,196599_west
0,,1965100_west
1,1965992,1965100_west
2,1965993,1965100_west
3,1965994,1965100_west
0,1965995,1965101_west
1,1965996,1965101_west
2,1965997,1965101_west
3,,1965101_west
4,1965998,1965101_west
5,,1965101_west
6,1965999,1965101_west
7,19651000,1965101_west
0,,1965102_west
1,19651001,1965102_west
2,19651002,1965102_west
3,19651003,1965102_west
4,19651004,1965102_west
5,19651005,1965102_west
6,,1965102_west
7,,1965102_west
8,,1965102_west
